company;reported_layoffs;percent;reported_date;industry;location;source;company_status;notes
Roofstock;Unclear;27%;3/22/2023;proptech, real estate;Oakland, CA;TechCrunch;Private;
Glassdoor;140;15%;3/22/2023;career planning, recruiting;Mill Valley, CA;Glassdoor;Private;
Indeed;2,200;15%;3/22/2023;career planning, recruiting;Austin, TX;Indeed;Private;
Logitech;300;;3/22/2023;consumer electronics, hardware;Newark, CA;Logitech;Public;
Expedia;Unclear;;3/21/2023;travel, transportation;Bellevue, WA;GeekWire;Public;
Marvell;320;4%;3/21/2023;semiconductor, manufacturing;Santa Clara, CA;Bloomberg;Public;
Amazon;9,000;2%;3/20/2023;E-commerce, SaaS;Seattle;CNBC;Public;
Freshworks;Unclear;;3/16/2023;CRM, IT;San Mateo, CA;Money Control;Public;
Leafly;40;21%;3/16/2023;Cannabis;Seattle;Leafly;Public;
Course Hero;42;15%;3/16/2023;Edtech;Redwood City, CA;TechCrunch;Private;
Coherent;108;;3/16/2023;Laser, manufacturing;Santa Clara, CA;SiliconValley.com;Public;
Klaviyo;140;;3/15/2023;Marketing, automation;Boston;TechCrunch;Private;
Kaleidoscope;15;30%;3/14/2023;social entrepreneurship, predictive analytics;Minneapolis;MinneInno;Private;
Samsung;30;;3/14/2023;consumer electronics, manufacturing;Seoul, South Korea;Zeebiz;Public;
Anchorage Digital;75;20%;3/14/2023;blockchain, fintech;San Francisco;The Information;Private;
Fetch;100;10%;3/14/2023;e-commerce, loyalty programs;Madison, WI;The Information;Private;
Meta;10,000;;3/14/2023;Social media;Menlo Park, CA;Meta;Public;
Toucan;Unclear;100%;3/9/2023;language learning, etech;Santa Monica, CA;Toucan CEO Taylor Nieman;Private;
Bonusly;Unclear;;3/9/2023;employee benefits, human resources;Boulder, CO;Bonusly VP of People Operations Victoria Yang;Private;
Morning Brew;40;;3/9/2023;Media, news;New York;Axios;Private;
Gopuff;100;2%;3/9/2023;E-commerce;Philadelphia;Bloomberg;Private;
Wattpad;42;15%;3/8/2023;publishing, content;Toronto, Canada;Betakit;Private;
Zulily;Unclear;;3/7/2023;E-commerce;Seattle;GeekWire;Public;Less than 10% and fewer than 100 employees were laid off. Layoffs affected around 10% of employees.
Take-Two Interactive;Unclear;;3/7/2023;Video games, publishing;New York;GameSpot;Public;
Catch;Unclear;100%;3/7/2023;insurance, fintech, wealth management;New York;Catch;Private;
Zwift;80;15%;3/7/2023;Fitness;Long Beach;DC Rainmaker;Private;
UKG;265;;3/6/2023;payroll, human resources;Weston, FL;Boston;Private;
SiriusXM;475;8%;3/6/2023;Music, broadcasting, news;New York;Variety;Public;
Indigo;Unclear;;3/3/2023;agtech;Boston;Boston Business Journal;Private;
Accolade;Unclear;;3/3/2023;health care, employee benefits;Plymouth Meeting, PA;Puget Sound Business Journal;Public;
Airbnb;30;;3/3/2023;Hospitality, travel;San Francisco;Bloomberg;Public;
UserTesting;63;;3/3/2023;market research;San Francisco;San Francisco Business Times;Public;
Embark Trucks;230;70%;3/3/2023;autonomous vehicles, transportation;San Francisco;TechCrunch;Public;
Truckstop.com;Unclear;;3/2/2023;Logistics, supply chain management;New Plymouth, ID;Freightwaves;Private;
Kandela;Unclear;100%;3/2/2023;Customer service;Beverly Hills, CA;TheRealDeal;Private;
CNET;12;10%;3/2/2023;News and media;San Francisco;The Verge;Private;
MasterClass;79;;3/2/2023;Edtech;San Francisco;San Francisco Business Times;Private;
Zscaler;177;3%;3/2/2023;enterprise tech, cybersecurity;San Jose, CA;CRN;Public;
Electronic Arts;200;;3/1/2023;Video games;Redwood City, CA;Kotaku;Public;
Sonder;100;14%;3/1/2023;Hospitality;San Francisco;SEC filings;Public;
Yellow.ai;200;;3/1/2023;AI, customer service;San Mateo, CA;Inc42;Private;
Waymo;209;8%;3/1/2023;automotive, transportation;Mountain View, CA;The Information;Private;
Thoughtworks;500;4%;3/1/2023;consulting;Chicago;TechCrunch;Public;
Eventbrite;Unclear;8%;2/28/2023;Event management;San Francisco;Reuters;Public;
MeridianLink;Unclear;9%;2/28/2023;Fintech;Costa Mesa, CA;MeridianLink;Public;
Cerebral;285;15%;2/27/2023;Health Care;San Francisco;Business Insider;Private;
Palantir Technologies;75;2%;2/27/2023;Security, fraud detection;Denver;CNBC;Public;
Outreach;70;7%;2/27/2023;Sales Tech;Seattle;GeekWire;Private;
Stytch;19;25%;2/27/2023;security, data;San Francisco;Bay Area Inno;Private;
Twitter;200;10%;2/25/2023;Social Media;San Francisco;New York Times;Public;
Poshmark;Unclear;2%;2/24/2023;fashion, e-commerce;Redwood City, CA;TechCrunch;Public;
Ericsson;8500;8%;2/24/2023;IT Infrastructure;Stockholm, Sweden;Reuters;Public;
Eat Just;40;;2/24/2023;food and beverage;San Francisco;Bloomberg;Private;
Messari;Unclear;15%;2/23/2023;Blockchain, cryptocurrency;New York;Coindesk;Private;
StrongDM;40;;2/23/2023;Security, infrastructure;Burlingame, CA;StrongDM;Private;
EVgo;40;;2/23/2023;electric vehicles, autonomous vehicles;Los Angeles, CA;EVgo;Public;
TaskUs;186;;2/22/2023;Customer service;Santa Monica, CA;Express-News;Public;
PeerStreet;Unclear;;2/21/2023;Real Estate, fintech;El Segundo, CA;The Business Journals;Private;
Ethos Life;50;;2/21/2023;Insurtech, financial services;San Francisco;Coverager;Private;
Fireblocks;30;5%;2/20/2023;Blockchain, cryptocurrency;New York;Calcalistech;Private;
Convoy;Unclear;;2/16/2023;Logistics;Seattle;TechCrunch;Private;
The RealReal;230;7%;2/16/2023;e-commerce, fashion;San Francisco;The Information;Public;
Pico Interactive;400;20%;2/16/2023;VR, AR;San Francisco;San Francisco Business Times;Private;
DocuSign;680;10%;2/16/2023;e-signature;San Francisco;CNBC;Public;
Vicarious Surgical;Unclear;14%;2/15/2023;VR, robotics, medical;Waltham, MA;MedTech Dive;Public;
Tackle;Unclear;15%;2/15/2023;SaaS, cloud infrastructure;Boise, ID;Tackle;Private;
Observe.AI;Unclear;;2/15/2023;Natural Language Processing;San Francisco;Channel Futures;Private;
Divvy Homes;Unclear;;2/15/2023;PropTech;San Franicsco;Inman;Private;
Betterment;28;;2/15/2023;Fintech, investing;New York;Business Insider;Private;
Sprinklr;100;4%;2/15/2023;customer service, enterprise software;New York;TechCrunch;Public;
DigitalOcean;200;11%;2/15/2023;cloud services, web hosting;New York;The Register;Public;
ServiceTitan;221;8%;2/15/2023;CRM, home services;Glendale, CA;ServiceTitan;Private;
Wix;370;6%;2/15/2023;web design, SMB;Tel Aviv, Israel;Calcalistech;Public;Wix is based in Israel but has a large U.S. presence
Jellysmack;208;;2/15/2023;social media, videos;New York;The Information;Private;
Udemy;Unclear;10%;2/14/2023;EdTech, e-learning;San Francisco;Udemy;Public;
HackerEarth;Unclear;8%;2/14/2023;e-learning, recruiting;San Francisco;Inc42;Private;
CommerceHub;371;31%;2/14/2023;e-commerce, merchandising;Albany, NY;Albany Business Journal;Private;
LinkedIn;Unclear;;2/13/2023;professional networking, recruiting;Sunnyvale, CA;The Information;Private;
Magic Eden;22;;2/13/2023;NFTs, blockchain;San Francisco;Decrypt;Private;
Collective Health;54;;2/13/2023;health insurance, health care;San Mateo, CA;CEO Ali Diab;Private;
iRobot;85;7%;2/13/2023;robotics, AI;Bedford, MA;CNBC;Public;
Electric;141;25%;2/13/2023;IT, technical support;New York;Electric;Private;
Twilio;1,500;17%;2/13/2023;Enterprise Software;San Francisco;Twilio;Public;
Rigetti Computing;Unclear;28%;2/10/2023;quantum computing, AI;Berkeley, CA;MarketWatch;Public;
TripleLeft;100;20%;2/10/2023;advertising;New York;AdExchanger;Private;
GitHub;Unclear;10%;2/9/2023;developer tools;San Francisco;Fortune;Private;
Bark;126;12%;2/9/2023;consumer goods, e-commerce;New York;Bark;Private;
GitLab;130;35%;2/9/2023;DevOps, SecOps;San Francisco;GitLab;Public;
Yahoo;1600;20%;2/9/2023;Technology, media;Dulles, VA;Axios;Private;
Equitybee;25;25%;2/8/2023;Fintech;San Francisco;Calcalistech;Private;
Gong;80;7%;2/8/2023;Collaboration, productivity;San Francisco;Calcalistech;Private;
Gusto;126;5%;2/8/2023;Payroll, benefits;San Francisco;Gusto;Private;
Affirm;500;19%;2/8/2023;Fintech, POS;San Francisco;Wall Street Journal;Public;
GoDaddy;530;8%;2/8/2023;Web hosting, CRM;Scottsdale, AZ;Tech Startups;Public;
Salesloft;100;10%;2/7/2023;CRM, sales automation;Atlanta;Atlanta Business Journal;Private;
SecureWorks;212;9%;2/7/2023;cybersecurity, IT;Atlanta;MarketWatch;Public;
eBay;500;4%;2/7/2023;e-commerce, retail;San Jose, CA;Reuters;Public;
Zoom;1300;15%;2/7/2023;video conferencing, IT;San Jose, CA;CNBC;Public;
Clari;20;;2/6/2023;productivity tools, enterprise software;Sunnyvale, CA;Business Insider;Private;
Drift;59;;2/6/2023;sales automation, enterprise software;Boston;Boston Business Journal;Private;
Dell;6650;5%;2/6/2023;hardware, consumer electronics;Round Rock, TX;Bloomberg;Public;
Sana Benefits;Unclear;19%;2/6/2023;employee benefits, insurance;Austin, TX;Sana Benefits;Private;
Kyruus;70;;2/5/2023;health care, hospital;Boston;Fierce Healthcare;Private;
Protocol Labs;89;20%;2/3/2023;network security, blockchain;San Francisco;Forbes;Private;
Talkdesk;Unclear;;2/2/2023;Customer service;San Francisco;UC Today;Private;
Getaround;Unclear;10%;2/2/2023;Car sharing, transportation;San Francisco;TechCrunch;Public;
Desktop Metal;Unclear;;2/2/2023;3D printing, robotics;Burlington, MA;Boston Business Journal;Public;
Articulate;38;;2/2/2023;Edtech, e-learning, training;New York;CEO Lucy Suros;Private;
Highspot;100;10%;2/2/2023;Sales automation, AI;Seattle;GeekWire;Private;
Miro;119;7%;2/2/2023;product management, UX design;San Francisco;Miro;Private;
Mindstrong Health;127;;2/2/2023;Health Care, telehealth;Menlo Park, CA;Silicon Valley Business Journal;Private;
Autodesk;250;2%;2/2/2023;Proptech, architecture, 3D;San Rafael, CA;Bloomberg;Public;
Okta;300;5%;2/2/2023;Enterprise software, Management information systems;San Francisco;Bloomberg;Public;
Rivian;Unclear;6%;2/1/2023;electric vehicle, transportation;Plymouth, MI;Reuters;Public;
Match Group;Unclear;8%;2/1/2023;Dating, apps;New York;Bloomberg;Public;
Bustle Digital Group;Unclear;8%;2/1/2023;News, publishing;New York;Variety;Private;
TheSkimm;17;10%;2/1/2023;News, publishing;New York;Business Insider;Private;
 Picnic;Unclear;;2/1/2023;food processing, robotics;Seattle;GeekWire;Private;
Exterro;24;3%;2/1/2023;Legal tech, risk management;Beaverton, OR;OregonLive;Private;
AppGate;34;8%;2/1/2023;cybersecurity, cloud software;Coral Gables, FL;SEC filings;Private;
Chainalysis;44;5%;2/1/2023;blockchain, cryptocurrency;New York;Forbes;Private;
Wheel;56;28%;2/1/2023;Health care, human resources;Austin, TX;Becker's Hospital Review;Private;
Workato;90;10%;2/1/2023;productivity, security;Mountain View, CA;Business Insider;Private;
Cyren;121;;2/1/2023;IT, security;McLean, VA;Cyren;Public;
DraftKings;140;4%;2/1/2023;Sports, online betting;Boston;CNBC;Public;
Pinterest;150;;2/1/2023;social media, social bookmarking;San Francisco;Bloomberg;Public;
Splunk;325;4%;2/1/2023;Analytics, intelligence;San Francisco;MarketWatch;Public;
Upstart;365;20%;1/31/2023;Fintech;San Carlos, CA;MarketWatch;Private;
PayPal;2,000;7%;1/31/2023;Fintech;San Jose;CNBC;Public;
Tilting Point;60;17%;1/31/2023;Video games;New York;mobilegamerbiz;Private;
Wish;150;;1/31/2023;e-commerce, ML;San Francisco;Wish;Public;
HubSpot;500;7%;1/31/2023;marketing, SaaS;Cambridge, MA;HubSpot;Public;
Workday;525;3%;1/31/2023;HR Tech, enterprise software;Pleasanton, CA;CNBC;Public;
NetApp;960;8%;1/31/2023;Cloud technology, IT;Sunnyvale, CA;The Register;Public;
SoFi;Unclear;;1/30/2023;Fintech, wealth management;San Francisco;American Banker;Public;
Prime Trust;Unclear;33%;1/30/2023;Fintech, blockchain;Las Vegas;CoinDesk;Private;
BM Technologies;Unclear;25%;1/30/2023;FinTech, banking;Radnor, PA;BM Technologies;Private;
Impossible Foods;140;20%;1/30/2023;food and beverage, foodtech;Redwood City, CA;Bloomberg;Private;
Intel;343;;1/30/2023;enterprise software, hardware;Santa Clara, CA;SFGate;Public;
Groupon;500;;1/30/2023;e-commerce, retail;Chicago;Chicago Business;Public;
CoinTracker;19;;1/28/2023;cryptocurrency, blockchain;San Francisco;CoinTracker;Private;
Decent;Unclear;;1/27/2023;Health care;San Francisco;Decent;Private;
Synopsys;100;;1/27/2023;semiconductors, enterprise tech;Mountain View, CA;East Bay Times;Public;
Ruggable;100;;1/27/2023;consumer goods, interior design;Gardena, CA;Modern Retail;Private;
Confluent;221;8%;1/26/2023;streaming;Mountain View, CA;SEC filings;Public;
SAP;3000;3%;1/26/2023;enterprise software, Saas;Walldorf, Germany;CNBC;Public;
Clear Capital;250;;1/25/2023;PropTech;Truckee, CA;Reno Gazette Journal;Private;
Shutterfly;360;;1/25/2023;retail, e-commerce;Redwood City, CA;The Dead Pixels Society;Public;
IBM;3900;2%;1/25/2023;hardware, software;Armonk, NY;Bloomberg;Public;
Noom;Unclear;;1/25/2023;Fitness/Digital Health;New York;Mobi Health News;Private;
Innovaccer;245;15%;1/24/2023;Cloud Infrastructure, health care;San Francisco;Digital Health;Private;
Bolt;50;10%;1/24/2023;FinTech;San Francisco;The Information;Private;
Bolt;200;25%;1/24/2023;FinTech;San Francisco;Forbes;Private;
Reddit;Unclear;;1/24/2023;social media, forums;San Francisco;Business Insider;Private;
PagerDuty;Unclear;7%;1/24/2023;data analytics, cloud computing;San Francisco;MarketWatch;Public;
Corvus Insurance;Unclear;14%;1/24/2023;AI, insurance;Boston;BostonInno;Private;
Vacasa;1300;17%;1/24/2023;Real Estate, PropTech;Portland, OR;The Oregonian;Public;
Spotify;600;6%;1/23/2023;Music;Stockholm, Sweden;Spotify CEO;Public;
Gemini;Unclear;7%;1/23/2023;Crypto;New York;The Information;Private;
Ermetic;30;17%;1/23/2023;cloud management, cybersecurity;Palo Alto, CA;Calcalistech;Private;
Innovid;40;10%;1/23/2023;advertising, data analytics;New York;MarketWatch;Public;
Uber Freight;150;3%;1/23/2023;supply chain management, logistics;San Francisco;FreightWaves;Private;
Yext;Unclear;8%;1/23/2023;Advertising, software;New York;MarketWatch;Public;
Vox Media;169;2%;1/20/2023;Digital media, journalism;Washington, DC;CNN;Private;
Alphabet;12000;;1/20/2023;Big tech, internet services;Mountain View, CA;CNBC;Public;
Wayfair;1750;10%;1/20/2023;E-commerce, retail;Boston;Wall Street Journal;Public;
TikTok;Unclear;;1/20/2023;Social Media;Los Angeles;Business Insider;Private;TikTok is owned by China-based ByteDance, but the layoffs affected staff in the U.S. The compay also conducted layoffs in July.
Zappos;Unclear;;1/20/2023;retail, e-commerce;Las Vegas;Las Vegas Review-Journal;Private;
Morning Consult;Unclear;;1/20/2023;Data analytics, AI;Washington, DC;Washington Business Journal;Private;
Avalara;Unclear;;1/20/2023;Financial services, compliance;Seattle;GeekWire;Public;
Citrine Informatics;22;27%;1/20/2023;data analytics;Redwood City, CA;CEO Greg Mulholland;Private;
Edifecs;30;;1/20/2023;health care;Bellevue, WA;GeekWire;Private;
Karat;47;;1/20/2023;Recruiting, SaaS;Seattle;GeekWire;Private;
WeWork;300;;1/19/2023;Real Estate, PropTech;New York;WeWork;Public;
Capital One;1100;;1/19/2023;Banking, finance;McLean, VA;Reuters;Public;
Starry;100;24%;1/18/2023;WiFi, hardware;Boston;SEC filings;Public;
Microsoft;10000;5%;1/18/2023;Enterprise Software;Seattle;Microsoft;Public;
Pagaya;Unclear;20%;1/18/2023;Fintech, AI;New York;Reuters;Public;
80 Acres Farms;Unclear;10%;1/18/2023;indoor farming, agtech;Hamilton, OH;CincinnatiInno;Private;
Addepar;20;3%;1/18/2023;fintech, data analytics;Mountain View, CA;Fortune;Private;
nCino;100;7%;1/18/2023;Fintech, software;Wilmington, NC;Port City Daily;Public;
JumpCloud;100;12%;1/18/2023;Cloud services, cybersecurity;Louisville, CO;JumpCloud;Private;
8x8;155;7%;1/18/2023;telecommunications, enterprise software;San Jose, CA;Channel Futures;Public;
Teladoc Health;300;6%;1/18/2023;health care, telehealth;Purchase, NY;Digital Health;Public;
Vroom;275;20%\%;1/18/2023;Auto, E-commerce;New York;Seeking Alpha;Public;
RingCentral;30;;1/17/2023;SaaS, meeting software;Belmont, CA;Channel Futures;Public;
Unity;284;;1/17/2023;Video Games;San Francisco;WSJ;Public;
RateGenius;Unclear;;1/17/2023;consumer lending, fintech;Austin, TX;AustinInno;Private;
Luxury Presence;44;;1/17/2023;proptech, advertising;Santa Monica, CA;Inman;Private;
Oracle;Unclear;;1/17/2023;SaaS, enterprise software;Austin;Business Insider;Public;
Carvana;Unclear;;1/13/2023;Automotive, Ecommerce;Tempe;WSJ;Public;
Jellyfish US;Unclear;9%;1/13/2023;engineering, software;Boston;BostonInno;Private;
GoCanvas;Unclear;;1/13/2023;productivity, enterprise software;Reston, VA;GoCanvas CEO Viyas Sundaram;Private;
CoSchedule;Unclear;;1/13/2023;productivity, marketing;Bismarck, ND;Inforum;Private;
Vial;40;;1/13/2023;health care, clinical trials;San Francisco;Business Insider;Private;
Bonterra;140;10%;1/13/2023;social impact, finance;Distributed ;The Nonprofit Times;Private;
Snappy;100;30%;1/13/2023;social impact, company benefits;New York;Calcalistech;Private;
Career Karma;22;;1/12/2023;Career planning, social network;San Francisco;TechCrunch;Private;
Career Karma;60;;1/12/2023;Career planning, social network;San Francisco;TechCrunch;Private;
Rock Content;Unclear;15%;1/12/2023;content marketing, advertising;Boca Raton, FL;Terra;Private;
Life360;Unclear;14%;1/12/2023;mobile apps;San Francisco;Life360 statement;Public;
Lattice;Unclear;15%;1/12/2023;Enterprise applications, HR;San Francisco;Lattice CEO Jack Altman;Private;
Definitive Healthcare;55;6%;1/12/2023;Health care, analytics;Framingham, MA;CMLVIZ;Public;
Greenlight;104;21%;1/12/2023;Fintech, banking;Atlanta;TechCrunch;Private;
Lending Club;225;14%;1/12/2023;Fintech, banking;San Francisco;Bloomberg;Public;
Akili Interactive Labs;46;30%;1/12/2023;Health care;Boston;Behavioral Health Business;Public;
Qualtrics;270;5%;1/11/2023;SaaS, enterprise software;Provo, UT;MarketWatch;Public;
Oyster;Unclear;;1/11/2023;human resources, SaaS;Charlotte, NC;Oyster;Private;
Limeade;Unclear;15%;1/11/2023;Employee Benefits, HR Tech;Bellevue, WA;GeekWire;Public;
Embark;Unclear;;1/11/2023;Pet tech, health care;Boston;Embark CEP Ryan Boyko;Private;
Carta;;10%;1/11/2023;Fintech;San Francisco;TechCrunch;Private;
Citizen;33;;1/11/2023;Surveillance;New York;TechCrunch;Private;
Intrinsic;40;20%;1/11/2023;robotics, AI;Mountain View, CA;This Information;Private;
HashiCorp;69;;1/11/2023;cybersecurity, cloud infrastructure;San Francisco;Crunchbase News Reporting;Public;
CoinDCX;100;6%;1/11/2023;Blockchain, cryptocurrency ;Mumbai, India;Biometric Update;Private;
Tipalti;123;11%;1/11/2023;FinTech;San Mateo;Calcalistech;Private;
Verily;250;15%;1/11/2023;health care, data collection;San Francisco;The Information;Private;
Flexport;640;20%;1/11/2023;shipping and logistics;San Francisco;CNBC;Private;
Coinbase;950;20%;1/10/2023;Crypto;San Francisco;CNBC;Public;
Blend;340;28%;1/10/2023;Fintech, proptech;San Francisco;Inman;Public;
100 Thieves;Unclear;;1/10/2023;eSports, Media;Los Angeles;Dexerto;Private;
Esper;Unclear;21%;1/10/2023;DevOps;Seattle;GeekWire;Private;
Esper;Unclear;12%;1/10/2023;DevOps;Seattle;GeekWire;Private;
Citrix Systems;Unclear;15%;1/10/2023;Security, SaaS;Fort Lauderdale, FL;TechCrunch;Private;
Cart.com;Unclear;;1/10/2023;E-commerce, DTC;Austin, TX;AustinInno;Private;
Parler;60;75%;1/10/2023;Social media;Nashville, TN;The Verge;Private;
ForeScout Technologies;100;10%;1/10/2023;cybersecurity, cloud services;San Jose, CA;Calcalistech;Public;
ConsenSys;100;11%;1/10/2023;Cryptocurrency, FinTech;New York;CoinDesk;Private;
Informatica;450;7%;1/10/2023;Big data, cloud computing;Redwood City, CA;Channel Futures;Public;
Scale;Unclear;20%;1/9/2023;AI, image recognition;San Francisco;Scale;Private;
WalkMe;43;3%;1/8/2023;edtech, product management;San Francisco;Calcalistech;Public;
Carbon Health;200;;1/6/2023;Health Care;San Francisco;Carbon Health CEO Eren Bali;Private;
SuperRare;Unclear;30%;1/6/2023;Blockchain, cryptocurrency ;Newark, DE;TechCrunch;Private;
Mojo Vision;Unclear;75%;1/6/2023;AR, health care;Saratoga, CA;TechCrunch;Private;
Lantern;Unclear;100%;1/6/2023;E-commerce, consumer lending;Grand Rapids, MI;Lantern CEO Meredith Mahoney;Private;
CreateMe Technologies;Unclear;;1/6/2023;Product design, apparel;New City, NY;San Francisco Business Times;Private;
CareerArc;Unclear;;1/6/2023;Human resources, recruiting;Los Angeles;CareerArc;Private;
SoundHound;200;50%;1/5/2023;Conversational AI;Santa Clara, CA;SoundHound;Public;
Stitch Fix;Unclear;20%;1/5/2023;Ecommerce, Fashion;San Francisco;CNBC;Public;
Genesis;60;30%;1/5/2023;Cryptocurrency, blockchain;New York;CNBC;Private;
Everlane;30;17%;1/5/2023;Fashion, e-commerce;San Francisco;The Information;Private;
Amazon;8,000;2%;1/5/2023;E-commerce, SaaS;Seattle;Wall Street Journal;Public;
Compass;Unclear;;1/5/2023;PropTech;New York;Bloomberg;Public;
Socure;104;19%;1/5/2023;cybsersecurity, predictive analytics;Incline Village, NV;Biometric Update;Private;
Twitter;40;;1/5/2023;Social Media;San Francisco;The Information;Public;
Cue;388;;1/5/2023;Health Care;San Diego;360dx;Public;
Personetics;30;8%;1/5/2023;Fintech, analytics;New York;Calcalistech;Private;
Vimeo;Unclear;11%;1/4/2023;Media/entertainment; New York;Vimeo;Public;
Salesforce;8,000;10%;1/4/2023;enterprise tech, analytics;San Francisco;New York Times;Public;
Wyre;Unclear;100%;1/4/2023;Cryptocurrency, blockchain;San Francisco;Blockworks;Private;
Kaltura;75;11%;1/4/2023;Developer APIs, enterprise software;New York;Globes;Public;
Astronomer;76;20%;1/4/2023;Data analytics, cloud services;Cincinnati;Astronomer;Private;
Uniphore;76;76%;1/3/2023;Artificial intelligence, machine learning;Palo Alto, CA;Outlook Start-Up;Private;
Amdocs;700;3%;1/2/2023;CRM, enterprise software;Chesterfield, MO;Calcalistech;Public;
Qualcomm;153;;12/22/2022;Telecommunication, wireless;San Diego;San Diego Union-Tribune;Public;
TuSimple;350;25%;12/21/2022;electric vehicle, transportation;San Diego;TechCrunch;Public;
SonderMind;Unclear;15%;12/16/2022;telehealth;Denver;Denver Business Journal;Private;
Autograph;Unclear;;12/16/2022;cryptocurrency, blockchain;Santa Monica, CA;Business Insider;Private;
BigCommerce;Unclear;13%;12/15/2022;Enterprise software, e-commerce;Austin, TX;MarketWatch;Public;
Apollo;Unclear;15%;12/15/2022;developer APIs, enterprise software;San Francisco;Apollo;Private;
Freshworks;90;2%;12/15/2022;CRM, IT;San Mateo, CA;Inc42;Public;
ChowNow;40;10%;12/14/2022;Restaurant Tech, Food Tech;Playa Visa, California;Restaurant Business Online;Private;
Headspace Health;50;4%;12/14/2022;telehealth, wellness;Los Angeles;Bloomberg;Private;
Quanergy Systems;72;;12/14/2022;Autonomous vehicles;Sunnyvale, CA;Silicon Valley Business Journal;Public;
Komodo Health;78;9%;12/13/2022;Health care, predictive analytics;San Francisco;TechCrunch;Private;
Edgio;95;14%;12/13/2022;Cloud computing, web hosting;Tempe, AZ;Edgio;Public;
Balto;35;;12/12/2022;Artificial intelligence, machine learning;St. Louis;St. Louis Business Journal;Private;
Pluralsight;400;20%;12/12/2022;EdTech, IT;Draper, UT;Pluralsight;Public;
Outschool;43;25%;12/10/2022;EdTech;San Francisco;TechCrunch;Private;
Convene;Unclear;;12/10/2022;Proptech, hospitality;New York;Convene CEO Ryan Simonetti;Private;
Autobooks;Unclear;;12/10/2022;Fintech, payments;Detroit;Crain's Detroit Business;Private;
ZenLedger;Unclear;10%;12/9/2022;Blockchain, cryptocurrency;Bellevue, WA;Blockworks;Private;
C2FO;20;2%;12/9/2022;Fintech, payments;Leawood, KS;Kansas City Business Journal;Private;
Blue Apron;Unclear;10%;12/8/2022;Grocery, e-commerce, delivery service;New York;Blue Apron;Public;
CyCognito;30;15%;12/8/2022;Cybersecurity;Palo Alto;Calcalistech;Private;
Airtable;254;20%;12/8/2022;Data science, enterprise;San Francisco;Airtable;Private;
Baakt;Unclear;15%;12/8/2022;Cryptocurrency;Alpharetta, GA;Baakt;Public;
Armis Security;25;4%;12/8/2022;Cybersecurity;San Francisco;Calcalistech;Private;
TechTarget;60;5%;12/8/2022;Marketing;Newton, MA;MarketWatch;Public;
BlackLine;95;5%;12/8/2022;Enterprise Software;Los Angeles;Seeking Alpha;Public;
Zywave;Unclear;;12/7/2022;Insurtech, cloud computing;Milwaukee ;Milwaukee Business Journal;Private;
CircleCI;Unclear;;12/7/2022;automation, IT;San Francisco;CircleCI;Private;
Lithic;27;18%;12/7/2022;Fintech;New York;Axios;Private;
Integral Ad Science;120;13%;12/7/2022;Data science, enterprise;New York;Integral Ad Science;Public;
Relativity;150;10%;12/7/2022;Data science, enterprise;Chicago;Crain's Chicago;Private;
Motive;237;6%;12/7/2022;enterprise software, productivity;San Francisco;Motive;Private;
Plaid;260;20%;12/7/2022;Fintech;San Francisco;TechCrunch;Private;
Zuora;Unclear;11%;12/6/2022;Cloud Infrastructure;San Mateo, CA;MarketWatch;Public;
OneStudyTeam;Unclear;25%;12/6/2022;health care, cloud infrastructure ;Boston;Mobi Health News;Private;
Nextiva;Unclear;17%;12/6/2022;Customer service;Phoenix;Channel Futures;Private;
Stash Financial;32;8%;12/6/2022;fintech, personal finance;New York;Stash;Private;
Chipper Cash;50;13%;12/6/2022;fintech, money transfer;San Francisco;TechCrunch;Private;
Adobe;100;;12/6/2022;Marketing, software, SaaS;San Jose, CA;Bloomberg;Public;
Weedmaps;175;;12/6/2022;Marijuana, marketing;Irvine, CA;Business Insider;Private;
BuzzFeed;180;12%;12/6/2022;Media, news;New York;Variety;Public;
Doma;515;40%;12/6/2022;Insurtech, machine learning;San Francsico;Doma;Public;
Elemy;Unclear;;12/5/2022;Health Care;San Francisco;Behavioral Health Business;Private;
Route;Unclear;;12/5/2022;Retail, e-commerce;Lehi, UT;Salt Lake Tribune;Private;
Aqua Security;65;10%;12/5/2022;SecOps, security;Burlington, MA;Calcalistech;Private;
Lora DiCarlo Inc.;Unclear;100%;12/2/2022;Wellness, consumer goods;Bend, OR;TechCrunch;Private;
Polly;47;15%;12/2/2022;Insurtech, fintech;Williston, VT;VT Digger;Private;
BloomTech;88;50%;12/1/2022;Edtech;San Francisco;TechCrunch;Private;
Bizzabo;120;30%;12/1/2022;Virtual Event;New York;Calcalistech;Private;
Bizzabo;100;37%;12/1/2022;Virtual Event;New York;Calcalistech;Private;
Elastic;Unclear;13%;11/30/2022;analytics, SaaS;San Francisco;Elastic;Public;
Wonder;130;7%;11/30/2022;Food delivery, ecommerce;New York;The Information;Private;
Happy Money;158;34%;11/30/2022;Fintech, payments;Los Angeles;LinkedIn reports;Private;
Kraken;1100;30%;11/30/2022;Cryptocurrency;San Francisco;Kraken;Private;
DoorDash;1250;6%;11/30/2022;Food delivery, ecommerce;San Francisco;Reuters;Public;
Firework;Unclear;10%;11/29/2022;e-commerce, retail;San Francisco;The Information;Private;
Bitfront;Unclear;100%;11/29/2022;Cryptocurrency;Palo Alto, CA;Reuters;Private;
BlockFi;Unclear;100%;11/28/2022;Crypto;Jersey City;Decrypt;Private;
NCX;Unclear;40%;11/28/2022;Renewable energy, forestry;San Francisco;NCX;Private;
Inspectify;Unclear;;11/28/2022;Proptech;Seattle;Puget Sound Business Journal;Private;
Candy Digital;33;33%;11/28/2022;Cryptocurrency;New York;Decrypt;Private;
Assure;Unclear;100%;11/23/2022;Fintech;Salt Lake City;Axios;Private;
GloriFi;Unclear;100%;11/21/2022;Fintech;Dallas;WSJ;Private;
RingCentral;Unclear;10%;11/19/2022;SaaS, meeting software;Belmont, CA;Barron's;Public;
Carvana;1,500;8%;11/18/2022;Automotive, Ecommerce;Tempe;WSJ;Public;
Nuro;300;20%;11/18/2022;Transportation;Mountain View;TechCrunch;Private;
Storyblocks;Unclear;;11/18/2022;Media, video editing;Washington, DC;Storyblocks CEO;Private;
Metaplex;Unclear;;11/18/2022;Cryptocurrency;Chicago;AMBCrypto;Private;
Chili Piper;58;;11/17/2022;enterprise software, productivity;New York;Chili Piper;Private;
Roku;200;7%;11/17/2022;media, streaming;Los Gatos, CA;Variety;Public;
Morning Brew;Unclear;14%;11/17/2022;Media, news;New York;Max Tani;Private;
Kandji;Unclear;;11/17/2022;IT, software;San Diego;LinkedIn reports;Private;
Capitolis;37;25%;11/17/2022;Fintech;New York;Calcalistech;Private;
Homepoint;113;;11/17/2022;Proptech;Greenville, SC;Phoenix Business Journal;Private;
Orchard;180;;11/17/2022;Proptech;New York;Inman;Private;
Lokalise;76;23%;11/16/2022;Saas, APIs;Dover, DE;Lokalise founders;Private;
Salsify;90;11%;11/16/2022;Cloud computing, e-commerce;Boston;Boston Business Journal;Private;
Similarweb;120;10%;11/16/2022;AI, analytics;New York;Globes;Public;
Yotpo;70;9%;11/16/2022;marketing, media;New York;Calcalistech;Private;
Cisco;4100;5%;11/16/2022;enterprise software, SaaS;San Jose, CA;Silicon Valley Business Journal;Public;
Kite;Unclear;100%;11/16/2022;AI, coding;San Francisco;Kite;Private;
Homeward;Unclear;25%;11/16/2022;Proptech;Austin, TX;Homeward;Private;
Hopin;Unclear;17%;11/16/2022;Virtual Event;London;Exhibition World;Private;
The Zebra;50;;11/15/2022;Insurance, fintech;Austin, TX;Coverager;Private;
Protocol Media;60;100%;11/15/2022;News, media;San Francisco;CNN;Private;
OfferUp;Unclear;19%;11/15/2022;E-commerce, marketplace;Bellevue, WA;GeekWire;Private;
OwnBackup;170;17%;11/15/2022;SaaS, enterprise software;Englewood Cliffs, NJ;Calcalistech;Private;
Asana;180;9%;11/15/2022;collaboration, enterprise software;San Francisco;Asana COO;Public;
UiPath;241;6%;11/15/2022;Artificial Intelligence;New York;MarketWatch;Public;
Amazon;10,000;3%;11/14/2022;E-commerce, SaaS;Seattle;New York Times;Public;
Sema4;500;;11/14/2022;AI, health care;Stamford, CT;MarketWatch;Public;
Intercom;124;13%;11/14/2022;customer service, automation;San Franicsco;Silicon Republic;Private;
Veev;100;30%;11/11/2022;PropTech;San Mateo;Calcalistech;Private;
Coinbase;60;;11/10/2022;Crypto;San Francisco;The Information;Public;
Blend;100;6%;11/10/2022;Fintech, proptech;San Francisco;HousingWire;Public;
SoundHound;45;10%;11/10/2022;Conversational AI;Santa Clara, CA;TechCrunch;Public;
Reforge;Unclear;;11/10/2022;HR Tech;San Francisco;Reforge CEO;Private;
Wistia;40;;11/10/2022;Video production, marketing;Cambridge, MA;Wistia CEO;Private;
Wavely;Unclear;100%;11/10/2022;hiring, HR;Palo Alto, CA;Wavely;Private;
Ocavu;20;48%;11/10/2022;Cryptocurrency;Lehi, UT;Salt Lake Tribune;Private;
Juul;400;30%;11/10/2022;consumer goods, vape pens;San Francisco;CNBC;Public;
AvantStay;144;22%;11/9/2022;Travel;Los Angeles;Short Term Rentalz;Private;
AvantStay;80;;11/9/2022;Travel;Los Angeles;Skift;Private;
Coursera;Unclear;;11/9/2022;Edtech;Mountain View, CA;Coursera CEO;Public;
Amobee;Unclear;;11/9/2022;Adtech, digital marketing;Redwood City, CA;Amobee;Private;
Root Insurance;467;;11/9/2022;InsurTech;Columbus;Columbus Dispatch;Public;
Meta;11,000;13%;11/9/2022;Social media;Menlo Park, CA;CNBC;Public;
Redfin;1332;;11/9/2022;PropTech;Seattle;Bloomberg;Public;
Kabam;35;7%;11/9/2022;video games;San Francisco;TechCrunch;Private;
Astra;Unclear;16%;11/8/2022;aerospace, space ;Alameda, CA;Astra CEO;Public;
SADA;Unclear;11%;11/8/2022;Cloud computing, IT;Los Angeles;SADA CEO;Private;
Salesforce;1,090;1%;11/7/2022;enterprise tech, analytics;San Francisco;CNBC;Public;
Domino Data Lab;Unclear;;11/7/2022;AI, big data;San Francisco;LinkedIn reports;Private;
Code42;Unclear;15%;11/7/2022;Cybersecurity, enterprise software;Minneapolis;Star Tribune;Private;
Zendesk;350;5%;11/7/2022;Enterprise software, customer service;San Francisco;SFGate;Public;
Varonis Systems;110;;11/6/2022;Cybersecurity;New York;Calcalistech;Public;Half of its layoffs happened at its R&D center in Israel, per reports. Layoffs affected 5% of employees.
Twitter;3700;50%;11/4/2022;Social Media;San Francisco;The New York Times;Public;
Twitter;Unclear;;11/4/2022;Social Media;San Francisco;Wall Street Journal;Public;
Exodus;59;22%;11/4/2022;Cryptocurrency, blockchain;Nebraska City, NE;Exodus CEO;Private;
Benitago Group;Unclear;14%;11/4/2022;e-commerce, retail;New York;TechCrunch;Private;
Mythical Games;Unclear;10%;11/4/2022;Video games, blockchain;Los Angeles;Bloomberg;Private;
Stripe;1000;14%;11/3/2022;Fintech;San Francisco;Bloomberg;Private;
Lyft;700;13%;11/3/2022;Transportation;San Francisco;WSJ;Public;
Shippo;Unclear;20%;11/3/2022;Logistics;San Francisco;Shippo CEO;Private;
Faire;84;7%;11/3/2022;E-commerce, retail;San Francisco;The Information;Private;
Affirm;Unclear;1%;11/3/2022;Fintech, loans;San Francisco;The Information;Public;
Blueboard;Unclear;;11/3/2022;Enterprise Software;San Francisco;LinkedIn reports;;
Gem;100;;11/2/2022;Recruiting;San Francisco;Gem CEO;Private;
Iron Ox;50;50%;11/2/2022;AgTech, food and beverage;San Francisco;TechCrunch;Private;
Opendoor;550;18%;11/2/2022;Proptech;San Francisco;Opendoor CEO;Public;
Digital Currency Group;10;13%;11/2/2022;Cryptocurrency;Stamford, CT;Coindesk;Private;
Chime;156;12%;11/2/2022;Fintech;San Francisco;The Information;Private;
Chargebee;142;10%;11/2/2022;Fintech, SaaS;San Francisco;TechCrunch;Private;
Oracle;200;;11/2/2022;SaaS, enterprise software;Austin;Dice;Public;
Upstart;140;7%;11/1/2022;Fintech;San Carlos, CA;TechCrunch;Private;
Booking.com;226;;11/1/2022;Travel, hotels;Grand Rapids, MI;Crain's Detroit Business;Private;
Brightline;Unclear;20%;11/1/2022;Health care;Palo Alto, CA;Behavioral Health Business;Private;
Equitybee;25;20%;10/31/2022;Fintech;San Francisco;Calcalistech;Private;
Notarize;60;;10/31/2022;Legal Tech;Boston;Boston Business Journal;Private;
EquityZen;30;27%;10/31/2022;Fintech;New York;Axios;Private;
Fifth Season;Unclear;100%;10/28/2022;Vertical farming;Pittsburgh;Pittsburgh Business Journal;Private;
Advata;32;21%;10/28/2022;health care, analytics ;Bellevue, WA;GeekWire;Private;
Spreetail;Unclear;;10/27/2022;retail, e-commerce;Lincoln, NE;Spreetail CEO;Private;
Recharge;84;17%;10/27/2022;Fintech;Los Angeles;Recharge CEO;Private;
Argo AI;Unclear;100%;10/26/2022;Transportation;Pittsburgh;TechCrunch;Private;
GoFundMe;94;12%;10/26/2022;Crowdfunding;Redwood City, CA;GoFundMe;Private;
Zillow;300;5%;10/26/2022;PropTech;Seattle;TechCrunch;Public;
Callisto Media;Unclear;35%;10/25/2022;Analytics;Emeryville, California;Publishers Weekly;Private;
TigerGraph;Unclear;;10/25/2022;Analytics;Redwood City, CA;Sources within the company;Private;
Fundbox;150;42%;10/25/2022;Fintech;San Francisco;Calcalistech;Private;
Embroker;30;12%;10/25/2022;InsurTech;San Francisco;The Insurer;Private;
Snyk;198;14%;10/24/2022;Cybersecurity;Boston;Globes;Private;
Cerebral;400;20%;10/24/2022;Health Care;San Francisco;Wall Street Journal;Private;
Volta Charging;Unclear;54%;10/21/2022;Automotive, electric vehicles;San Francisco;Volta ;Public;
Khoros;120;10%;10/21/2022;SaaS, enterprise software;Austin;Austin Business News;Private;
F5;100;1%;10/21/2022;SaaS, enterprise software;Seattle;GeekWire;Public;
Starry;Unclear;50%;10/20/2022;WiFi, hardware;Boston;Starry;Public;
Loom;23;11%;10/20/2022;Enterprise Communication;San Francisco;SFGate;Private;
Zeus Living;64;46%;10/20/2022;Home decor, PropTech;San Francisco;San Francisco Business Journal;Private;
Gopuff;250;;10/19/2022;E-commerce;Philadelphia;Bloomberg;{'href': 'https://www.bloomberg.com/news/articles/2022-10-19/gopuff-fires-hundreds-more-staff-in-third-round-of-layoffs?sref=Dd2N48n2', 'type': 'link', 'value': 'Private'};
Clever Real Estate;Unclear;;10/19/2022;PropTech;St. Louis;St. Louis Business Journal;Private;
AtoB;32;30%;10/19/2022;FinTech;San Francisco;SFGate;Private;
Noodle;Unclear;;10/18/2022;EdTech;New York;LinkedIn;Private;
Leafly;56;21%;10/18/2022;Cannabis;Seattle;Leafly;Public;
Flipboard;24;21%;10/16/2022;News;Palo Alto, CA;Axios;Private;
Beyond Meat;200;19%;10/14/2022;Foodtech;Manhattan Beach, CA;CNBC;Public;
Momentive;Unclear;11%;10/14/2022;information technology;Waterford, MI;TechCrunch;Private;
Clear Capital;378;27%;10/12/2022;PropTech;Truckee, CA;Reno Gazette Journal;Private;
6sense;150;10%;10/12/2022;Artificial Intelligence, Machine Learning;San Francisco ;MoneyControl;Private;
Noom;500;10%;10/11/2022;Fitness/Digital Health;New York;TechCrunch;Private;
Pacaso;100;30%;10/11/2022;PropTech;San Francisco;Inman;Private;
Udacity;55;13%;10/11/2022;edtech, artificial intelligence;Mountain View, CA;Udacity;Private;
Brex;136;11%;10/11/2022;Fintech;San Francisco;TechCrunch;Private;
Redesign Health;67;20%;10/10/2022;health care;New York;Fast Company;Private;
Spotify;38;;10/7/2022;Music;Stockholm, Sweden;Variety;Public;
Rev.com;85;;10/7/2022;Speech recognition, artificial intelligence;San Francisco;Austin American-Statesman;Private;
Peloton;2,000;30%;10/6/2022;Fitness;New York;Wall Street Journal;Public;
Built In;Unclear;;10/5/2022;Networking;Chicago;LinkedIn;Private;
Homie;40;13%;10/4/2022;PropTech;South Jordan, Utah;Crunchbase News reporting;Private;
Spin;78;10%;9/30/2022;Transportation;San Francisco;TechCrunch;Private;
DocuSign;Unclear;9%;9/28/2022;e-signature;San Francisco;CNBC;Public;
Divvy Homes;40;12%;9/27/2022;PropTech;San Franicsco;The Information;Private;
Instacart;Unclear;;9/24/2022;delivery, e-commerce;San Francisco;The Information;Private;
Pesto;Unclear;100%;9/23/2022;IT, future of work;San Francisco;Pesto announcement;Private;
Foxtrot;26;4%;9/23/2022;food and beverage, e-commerce;Chicago;Chicago Business;Private;
Klarna;100;;9/22/2022;Fintech;Stockholm;Sifted;Private;
Compass;271;;9/21/2022;PropTech;New York;GeekWire;Public;
Kitty Hawk;Unclear;100%;9/21/2022;aerospace;Mountain View;CNBC;Private;
Curative;109;;9/20/2022;health diagnostics;Los Angeles;Digital Health;Private;
VideoAmp;Unclear;2%;9/19/2022;Advertising platforms;Los Angeles;Company memo;Private;
DayTwo;Unclear;;9/15/2022;Health care, nutrition;Walnut Creek, CA;Calcalistech;Private;
LivePerson;Unclear;;9/15/2022;Customer service;New York;LinkedIn ;Public;
WorkRamp;Unclear;;9/15/2022;Saas, enterprise software;San Carlos, CA;LinkedIn;Private;
Netflix;30;;9/14/2022;Media/entertainment;Los Gatos;Deadline;Public;
Twilio;800;11%;9/14/2022;Enterprise Software;San Francisco;TechCrunch;Public;
Sundae;Unclear;;9/13/2022;PropTech;San Francisco;Confirmed by CB News from sources;Private;
Patreon;80;17%;9/13/2022;Social media;San Francisco;The Information;Private;
Taboola;100;6%;9/13/2022;Content marketing;New York;Calcalistech;Public;
Sama;Unclear;;9/12/2022;AI, enterprise software;San Francisco;Sama;Private;
Rent the Runway;Unclear;24%;9/12/2022;e-commerce, retail;New York;Wall Street Journal;Public;
Karbon;Unclear;23%;9/12/2022;Productivity, task management;San Francisco;Stuart McLeod, CEO of Karbon;Private;
DreamBox Learning;Unclear;;9/9/2022;EdTech;Seattle;Geekwire;Private;
CommonBond;Unclear;100%;9/9/2022;FinTech, loan repayments;New York;David Klein, CEO of CommonBond;Private;
Flowhub;Unclear;15%;9/9/2022;Cannabis;Dever;Business Insider;Private;
FullStory;Unclear;;9/8/2022;SaaS, data;Atlanta;Scott Voigt, CEO of FullStory;Private;
realtor.com;Unclear;;9/8/2022;Proptech;Santa Clara, CA;SFGate;Private;
BigBear.ai;Unclear;7%;9/8/2022;data analytics, national defense;Columbia, MD;Baltimore Business Journal;Public;
Medly Pharmacy;Unclear;50%;9/7/2022;Pharmacy, health care;New York;Crain's New York;Private;
Brave Care;40;33%;9/6/2022;Pediatrics, telehealth;Portland;The Oregonian;Private;
Medium;Unclear;25%;9/6/2022;Publishing;San Francisco;Lauren Newton, Head of People at Medium;Private;
Juniper Square;Unclear;14%;9/6/2022;Proptech;San Francisco;The Real Deal;Private;
The Wing;Unclear;100%;8/31/2022;Coworking;New York;The Information;Private;
Snap;1280;20%;8/31/2022;Social media;Venice, CA;The Verge;Public;
GoodRx;140;16%;8/31/2022;Health care, pharmaceuticals;Los Angeles;Seeking Alpha;Public;
Apartment List;Unclear;10%;8/31/2022;Proptech;San Francisco;CEO Matthew Woods;Private;
Nate;30;;8/30/2022;E-commerce;New York;The Information;Private;
Skillz;Unclear;;8/29/2022;Mobile Apps, Gaming;San Francisco;Seeking Alpha;Public;
Fungible;Unclear;;8/29/2022;cryptocurrency;Santa Clara, CA;Blocks & Files;Private;
Okta;24;;8/26/2022;Enterprise software, Management information systems;San Francisco;Unleash;Public;
Argyle;20;7%;8/26/2022;InsurTech;New York;TechCrunch;Private;
FreshDirect;40;;8/25/2022;Food delivery, ecommerce;The Bronx, NY;Philadelphia Business Journal;Private;
impact.com;Unclear;10%;8/25/2022;Digital marketing;Santa Barbara, CA;impact.com;Private;
ShipBob;Unclear;7%;8/25/2022;Shipping, Logistics;Chicago;Business Insider ;Private;
Pix;Unclear;;8/24/2022;Foodtech;Napa, CA;San Francisco Chronicle;Private;
Reali;140;100%;8/24/2022;PropTech;San Mateo, CA;Calcalistech;Private;
DataRobot;Unclear;26%;8/23/2022;AI, enterprise software;Boston;The Information;Private;
DataRobot;Unclear;26%;8/23/2022;Artificial Intelligence;Boston;The Information;Private;
Amperity;13;3%;8/20/2022;Saas, analytics;Seattle;Geekwire;Private;
Wayfair;870;5%;8/19/2022;E-commerce, retail;Boston;SEC filings;Public;
Stripe;50;;8/19/2022;Fintech;San Francisco;TechCrunch;Private;
Thirty Madison;24;3%;8/18/2022;health care, wellness;Greater New York area;Fierce Healthcare;Private;
New Relic;110;5%;8/18/2022;productivity, enterprise software;Bay Area, CA;MarketWatch;Private;
Tempo Automation;54;;8/17/2022;automotive;San Francisco;San Francisco Business Times;Private;
Malwarebytes;125;14%;8/17/2022;security, enterprise software;San Francisco;TechCrunch;Private;
Edmodo;Unclear;100%;8/16/2022;Edtech;San Mateo, CA;EdSurge;Private;
Woven;5;15%;8/16/2022;Artificial intelligence, recruiting;Indianapolis;AdAge;Private;
Blend;220;12%;8/15/2022;Fintech, proptech;San Francisco;HousingWire;Public;
Sema4;250;13%;8/15/2022;AI, health care;Stamford, CT;Sema4;Public;
ThredUp;Unclear;15%;8/15/2022;E-commerce, fashion;Oakland, CA;Retail Dive;Public;
Almanac;Unclear;30%;8/13/2022;Collaboration, productivity;San Francisco;LinkedIn;Private;
Peloton;784;13%;8/12/2022;Fitness;New York;CNBC;Public;
Orbit;14;;8/12/2022;Productivity software;San Francisco;Orbit CEO Patrick Woods;Private;Orbit CEO Patrick Woods announced at least 14 people have been laid off
Core Scientific ;Unclear;10%;8/12/2022;Blockchain, cryptocurrency ;Austin;Blockworks;Public;
Truepill;175;33%;8/11/2022;pharmaceutical, health care;Hayward, CA;TechCrunch;Private;
GoHealth;800;20%;8/11/2022;health care, health insurance;Chicago;Chicago Sun Times;Public;
Homeward;120;20%;8/11/2022;Real Estate, PropTech;Austin;The Real Deal;Private;
Calm;90;20%;8/11/2022;personal health, wellness;San Francisco;Wall Street Journal;Private;
Nutanix;270;4%;8/10/2022;data center, enterprise software;San Jose;SFGate;Public;
Sweetgreen;Unclear;5%;8/9/2022;food and beverage, restaurants;Washington, DC;CNBC;Public;
Groupon;500;;8/8/2022;e-commerce, retail;Chicago;TechCrunch;Public;
Vroom;337;;8/8/2022;Auto, E-commerce;New York;Automotive News;Public;
Warby Parker;63;;8/8/2022;Ecommerce, Fashion;New York City;Insider;Public;
DataRobot;Unclear;;8/8/2022;Artificial Intelligence;Boston;Boston Globe;Private;
Haus;Unclear;100%;8/8/2022;food and beverage;Healdsburg, CA;TechCrunch;Private;
Daily Harvest;Unclear;15%;8/8/2022;Food delivery, ecommerce;New York City;Fortune;Private;
iRobot;140;10%;8/5/2022;artificial intelligence, robotics;Bedford, MA;Geekwire;Public;
RingCentral;50;;8/4/2022;SaaS, meeting software;Belmont, CA;San Francisco Business Times;Public;
Doma;250;13%;8/4/2022;Insurtech, machine learning;San Francsico;Inman;Public;
StubHub;Unclear;;8/4/2022;E-commerce, ticketing;San Francisco;StubHub on LinkedIn;Private;StubHub announced they would be letting go of the majority of their employees on a LinkedIn post
On Deck;73;;8/4/2022;Networking, business development;San Francisco;TechCrunch;Private;
Jam City;200;17%;8/4/2022;Mobile Apps, Gaming;Culver City;VentureBeat;Private;Venture Beat reported around 150 to 200 people were laid off, which amounted to 17% of the company
Beyond Meat;40;;8/3/2022;Foodtech;Manhattan Beach, CA;Bloomberg;Public;
Healthcare.com;149;;8/3/2022;Insurtech;Miami, FL;Miami Inno;Private;
Glossier;19;8%;8/2/2022;Beauty;New York;Modern Retail;Private;
Nylas;80;;8/2/2022;Software, Emails, API;San Francisco;Nylas;Private;
Latch ;115;37%;8/2/2022;PropTech;New York, NY;Latch;Public;
Robinhood;713;23%;8/2/2022;Fintech;Menlo Park;Robinhood;Public;
Outreach;60;5%;8/2/2022;Sales Tech;Seattle;LinkedIn;Private;
Innovaccer;90;;8/1/2022;Cloud Infrastructure, health care;San Francisco;Inc42;Private;
Oracle;Unclear;;8/1/2022;SaaS, enterprise software;Austin;Bloomberg;Public;
Imperfect Foods;50;;8/1/2022;Grocery, e-commerce, delivery service;San Francisco;San Francisco Business Times;Private;
OnlyFans;Unclear;;8/1/2022;Social media, creator economy;London;Business Insider;Private;OnlyFans is based in the UK but has a sizeable workforce in the US
2U;Unclear;20%;8/1/2022;Edtech;Hyattsville, MD;Inside Higher Ed;Public;
Shelf Engine;43;;7/29/2022;Food Tech, Software, Grocery Tech;Seattle;GeekWire;Private;LinkedIn estimates company had around 150 employees before layoffs.
Metromile;60;20%;7/29/2022;Insurtech, transportation;San Francisco;Crunchbase;Public;Crunchbase reported about 20% of employees were laid off following Lemonade's acquisition 
Turntide;130;20%;7/28/2022;CleanTech, energy;Sunnyvale, CA;Business Insider;Private;
Change.org;Unclear;19%;7/28/2022;CivicTech;San Francisco;Change.org;Private;
Rivian;840;6%;7/28/2022;electric vehicle, transportation;Irvine, CA;CNN;Public;
People.ai;Unclear;;7/26/2022;AI, Sales;San Francisco;LinkedIn;Private;
Shopify;1000;10%;7/26/2022;E-commerce;Ottawa, Canada;WSJ;Public;
Outbrain;38;3%;7/26/2022;Digital Marketing;New York;CTech;Public;
Pear Therapeutics;25;9%;7/25/2022;Software, Biotech;Boston;MassDevice;Public;
Boosted Commerce;Unclear;5%;7/25/2022;E-commerce;Los Angeles;Business Insider ;Private;
Clarify Health;15;5%;7/22/2022;Health Care;San Francisco;Axios;Private;
Lunchbox;60;33%;7/21/2022;Restaurant Tech, Food Tech;New York;Business Insider;Private;
Callisto Media;140;35%;7/21/2022;Analytics;Emeryville, California;Publishers Weekly;Private;
Capsule;Unclear;;7/21/2022;Health Care;New York;Crain's New York;Private;
Rad Power Bikes;60;10%;7/21/2022;Transporation;Seattle;GeekWire;Private;
InVision;Unclear;;7/21/2022;Visual collaboration, Apps;New York;LinkedIn;Private;
Hydrow;70;35%;7/21/2022;Fitness;Boston;Boston Globe;Private;
WHOOP;Unclear;15%;7/21/2022;Fitness;Boston;Front Office Sports;Private;
98point6;Unclear;10%;7/21/2022;Health Care;Seattle;GeekWire;Private;
RealSelf;11;5%;7/21/2022;Beauty tech;Seattle;GeekWire;Private;
Lyft;60;2%;7/20/2022;Transportation;San Francisco;WSJ;Public;
Varo;75;;7/20/2022;Fintech;San Francisco;Axios;Private;
Arc;13;;7/20/2022;HR Tech;Mountain View;LinkedIn;Private;
Flyhomes;150;20%;7/20/2022;Real Estate, PropTech;Seattle;GeekWire;Private;
The Mom Project;54;15%;7/20/2022;Talent marketplace;Chicago;LinkedIn;Private;
Olive;450;;7/19/2022;Health Care;Columbus;Olive;Private;
Vimeo;Unclear;6%;7/18/2022;Media/entertainment; New York;Business Insider;Public;
TikTok;Unclear;;7/18/2022;Social Media;Los Angeles;Business Insider;Private;TikTok is owned by China-based ByteDance, but the layoffs affected staff in the U.S. The compay also conducted layoffs in July.
Elemy;Unclear;;7/18/2022;Health Care;San Francisco;Behavioral Health Business;Private;
Invitae;1000;;7/18/2022;Health Care, Biotech;San Francisco;GenomeWeb;Public;
Lusha;30;10%;7/18/2022;Sales tech;New York;CTech;Private;
Aspire;23;;7/15/2022;Marketing tech;San Francisco;Business Insider ;Private;
Project44;63;5%;7/15/2022;Logistics;Chicago;FreightWaves;Private;
Alto Pharmacy;Unclear;;7/14/2022;Health Care;San Francisco;LinkedIn;Private;
OpenSea;Unclear;20%;7/14/2022;Crypto, NFT marketplace;New York;Devin Finzer;Private;
Papa;Unclear;15%;7/14/2022;Elder Care;Miami;LinkedIn;Private;
100 Thieves;12;;7/13/2022;eSports, Media;Los Angeles;Dexerto;Private;
ChowNow;100;20%;7/13/2022;Restaurant Tech, Food Tech;Playa Visa, California;TechCrunch;Private;
Nuro;7;;7/13/2022;Transportation;Mountain View;The Robot Report;Private;
Spring;Unclear;;7/13/2022;E-commerce;San Francisco;Business Insider;Private;
Fabric;120;40%;7/13/2022;E-commerce, Logistics;New York;TechCrunch;Private;
Tonal;262;35%;7/13/2022;Fitness;San Francisco;CNBC;Private;
Adwerx;40;;7/12/2022;Digital Marketing;Durham, North Carolina;Inman;Private;
Hubilo;45;;7/12/2022;Virtual Events;San Francisco;Inc42;Private;
Microsoft;Unclear;1%;7/11/2022;Enterprise Software;Seattle;Bloomberg;Public;
Hopin;242;29%;7/11/2022;Virtual Event;London;Business Insider;Private;
SundaySky;24;13%;7/11/2022;Video Conferencing Software;New York;Globes;Private;
Forward;Unclear;5%;7/11/2022;Health Care;San Francisco;Fierce Healthcare;Private;
Nextbite;Unclear;;7/8/2022;Restaurant Tech, Food Tech;Denver;Business Insider ;Private;
Butler Hospitality;1000;100%;7/8/2022;Hospitality;New York;TechCrunch;Private;
NextRoll;Unclear;3%;7/8/2022;Marketing Tech;San Francisco;Business Insider ;Private;
Cedar;Unclear;24%;7/7/2022;Health Care;New York;Business Insider ;Private;
Emotive;30;18%;7/7/2022;SMS Marketing;Los Angeles;dot.LA;Private;
Next Insurance;150;17%;7/7/2022;InsurTech;Palo Alto;CTech;Private;
Argo AI;150;5%;7/7/2022;Transportation;Pittsburgh;TechCrunch;Private;
SQream Technologies;30;18%;7/6/2022;Data Analytics;New York;CTech;Private;SQream is based in New York, but most of the employees affected by layoffs are in Israel, accoring to CTech. 
Remote;100;9%;7/6/2022;HR Tech;San Francisco;Publico;Private;
Outschool;31;18%;7/5/2022;EdTech;San Francisco;TechCrunch;Private;
Verbit;80;10%;7/5/2022;Natural Language Processing;New York;CTech;Private;
Celsius;150;25%;7/3/2022;Crypto;Hoboken, New Jersey;CTech;Private;
LetsGetChecked;Unclear;;7/2/2022;Health Care;New York;Business Post;Private;
Teleport;Unclear;;7/1/2022;Cloud Infrastructure;Oakland;Teleport;Private;
WanderJaunt;85;100%;7/1/2022;PropTech, Real Estate;San Francisco;Short Term Rentalz;Private;
Canoo;58;6%;7/1/2022;Transportation;Torrance, California;Business Insider ;Private;
Snyk;30;;6/30/2022;Cybersecurity;Boston;Snyk;Private;
Stream;;10-15%;6/30/2022;Communications Infrastructure;Boulder;Pragmatic Engineer;Private;
Enjoy;400;18%;6/30/2022;E-commerce, Delivery;Palo Alto;Bloomberg;Public;
Abra;12;5%;6/30/2022;Crypto;Mountain View;The Block;Private;
Unity;225;4%;6/29/2022;Video Games;San Francisco;Kotaku;Public;
Modsy;Unclear;;6/29/2022;E-commerce;San Francisco;TechCrunch;Private;
Degreed;Unclear;;6/29/2022;EdTech;Pleasanton, CA;LinkedIn;Private;
Baton;16;25%;6/29/2022;Transporation, Logistics;San Francisco;Freight Waves;Private;
HomeLight;Unclear;19%;6/29/2022;Proptech, Real Estate;San Francisco;The Real Deal;Private;
Qumolo;80;19%;6/29/2022;Data storage;Seattle;GeekWire;Private;
Substack;13;14%;6/29/2022;Media, Content Creators;San Francisco;New York Times;Private;
AppLovin;300;12%;6/29/2022;Mobile Apps, Developer Tools;Palo Alto;Silicon Valley Business Journal;Public;
Niantic;85;8%;6/29/2022;Video Games, AR;San Francisco;Bloomberg;Private;
Sundae;Unclear;15%;6/28/2022;PropTech, Real Estate;San Francisco;Real Trends;Private;
Bright Machines;30;8%;6/28/2022;Robotics;San Francisco;CTech;Private;
StockX;120;8%;6/28/2022;E-commerce;Detroit;The Information;Private;
Cue;170;;6/27/2022;Health Care;San Diego;GenomeWeb;Public;
UiPath;210;5%;6/27/2022;Artificial Intelligence;New York;CNBC;Public;
SafeGraph;;25%;6/27/2022;Artificial Intelligence, Machine Learning;San Francisco;SafeGraph;Private;
Amount;Unclear;18%;6/27/2022;FinTech;Chicago;TechCrunch;Private;
Postscript;43;19%;6/26/2022;Marketing Tech, SMS Marketing;San Francisco;Alex Beller;Private;
Ethos Life;40;12%;6/24/2022;InsurTech;San Francisco;Coverager;Private;
Aura;70;9%;6/24/2022;Cybersecurity;Boston;Bank Info Security;Private;
Ro;Unclear;18%;6/23/2022;Health Care;New York;TechCrunch;Private;
Community;40;;6/22/2022;Social Media;Los Angeles;Business Insider ;Private;
MasterClass;156;20%;6/22/2022;Edtech;San Francisco;MasterClass CEO David Rogier;Private;20% of the company was laid off, meaning an estimated 156 employees, per LinkedIn data.
SummerBio;101;100%;6/20/2022;Health Care, Diagnostics;Menlo Park;Bay Area Inno;Private;
Buzzer;Unclear;20%;6/20/2022;Media, Sports;New York;Sportico;Private;
Socure;69;13%;6/17/2022;cybsersecurity, predictive analytics;Incline Village, NV;Forbes;Private;
Finite State;16;;6/17/2022;Cybersecurity;Columbus;ColumbusInno;Private;
Nayya;16;15%;6/17/2022;Employee Benefits, HR Tech;New York;Crunchbase News reporting;Private;
Zumper;45;15%;6/16/2022;PropTech;San Francisco;The Real Deal;Private;
JOKR;50;5%;6/16/2022;Food delivery, ecommerce;New York;TechCrunch;Private;
Notarize;110;25%;6/15/2022;Legal Tech;Boston;Boston Business Journal;Private;
Tonkean;23;23%;6/15/2022;Software;San Francisco;The Marker;Private;Layoffs affected 12 people in the United States, and 11 people in Israel, per The Marker. Layoffs affected around 23% of employees.
Coinbase;1,100;18%;6/14/2022;Crypto;San Francisco;CNBC;Public;
Compass;450;10%;6/14/2022;PropTech;New York;Bloomberg;Public;
Redfin;470;8%;6/14/2022;PropTech;Seattle;StreetInsider;Public;
TIFIN;21;10%;6/14/2022;FinTech;Boulder;Axios;Private;
BlockFi;250;20%;6/13/2022;Crypto;Jersey City;BlockFi;Private;
DesktopMetal;Unclear;12%;6/13/2022;3D Printing;Burlington, Massachusetts;MarketWatch;Public;
Keepe;Unclear;;6/10/2022;PropTech;Seattle;GeekWire;Private;
Liongard;Unclear;;6/10/2022;IT Infrastructure;Houston;CRN;Private;
Sonder;Unclear;21%;6/10/2022;Hospitality;San Francisco;MarketWatch;Public;
Albert;20;8%;6/10/2022;FinTech;Los Angeles;dot.LA;Private;{'href': 'http://dot.la/', 'type': 'link', 'value': 'At least 20 people were laid off from the 250-employee company, per dot.LA. Around 8% of employees were affected. '}
Stitch Fix;330;15%;6/9/2022;Ecommerce, Fashion;San Francisco;CNBC;Public;
Convoy;90;7%;6/9/2022;Logistics;Seattle;GeekWire;Private;
Hologram;80;33%;6/9/2022;IoT;Chicago;Crain's Chicago Business;Private;
OneTrust;950;25%;6/9/2022;Cybersecurity;Atlanta;OneTrust;Private;
Jellysmack;Unclear;8%;6/9/2022;Media/Entertainment;New York;Business Insider;Private;
Truepill;150;15%;6/8/2022;pharmaceutical, health care;Hayward, CA;Truepill;Private;
Deep Instinct;Unclear;;6/8/2022;Cybersecurity;New York;Crunchbase News;Private;
TruePill;Unclear;15%;6/8/2022;Health Care;Hayward, California;TruePill;Private;
Progrexion;100;;6/7/2022;FinTech;Salt Lake City;Crunchbase News;Private;
ID.Me;Unclear;;6/7/2022;Identity verification;McLean, Virginia;Business Insider;Private;
Bird;138;23%;6/7/2022;Transporation;Santa Monica;TechCrunch;Public;
Sendoso;100;14%;6/6/2022;Marketing Automation;San Francisco;Business Insider;Private;
Dutchie;56;8%;6/6/2022;Cannabis;Bend, Oregon;GeekWire;Private;
Clubhouse;Unclear;;6/3/2022;Social Media, Audio;San Francisco;Bloomberg;Private;
Superhuman;23;22%;6/3/2022;Email Software;San Francisco;CEO Rahul Vohra;Private;
Stord;59;8%;6/3/2022;Logistics;Atlanta;Business Insider;Private;
Carbon Health;250;8%;6/2/2022;Health Care;San Francisco;Forbes;Private;
Esme Learning;40;;6/2/2022;EdTech;Newton, Massachusetts;Esme Learning, Crunchbase News reporting;Private;
Eaze;25;;6/2/2022;Cannabis;San Francisco;Business Insider ;Private;
Policygenius;170;25%;6/2/2022;InsurTech;New York;TechCrunch;Private;
IRL;25;25%;6/2/2022;Social Media;San Francisco;TechCrunch;Private;
Sourcepoint;7;13%;6/2/2022;Privacy Tech, Marketing Tech;New York;Crunchbase News reporting;Private;Company did not respond to a request to confirm details of layoffs.
Gemini;Unclear;10%;6/2/2022;Fintech, Crypto;New York;Bloomberg;Private;
Loom;34;14%;6/1/2022;Enterprise Communication;San Francisco;TechCrunch;Private;
Cybereason;100;;6/1/2022;Cybersecurity;Boston;CTech;Private;Affected employees are in U.S., Israel, and Europe.
Side ;Unclear;10%;6/1/2022;PropTech;San Francisco;Inman;Private;
Cerebral;Unclear;;5/31/2022;Health Care;San Francisco;Bloomberg;Private;
Replicated;50;33%;5/31/2022;Enterprise Software;Los Angeles;Replicated;Private;Around one third of staff were impacted, per LinkedIn estimates.
Tomo;44;33%;5/31/2022;FinTech, PropTech;Stamford;Business Insider;Private;
Playtika;250;33%;5/31/2022;Gaming;Tel Aviv;Globes;Public;Closing studios in London, Montreal, and Los Angeles. Layoffs affected around 33% of employees.
Coterie Insurance;30;20%;5/27/2022;InsurTech;Cincinnati;CincyInno;Private;
Terminus;Unclear;15%;5/27/2022;Marketing;Atlanta;LinkedIn;Private;
Lacework;200;20%;5/26/2022;Cybersecurity;San Jose;The Information;Private;
The Zebra;40;;5/24/2022;Insurance, fintech;Austin, TX;Coverager;Private;
ClickUp;Unclear;7%;5/24/2022;Productivity Tools;San Diego;Protocol;Private;
PayPal;83;;5/23/2022;Fintech;San Jose;San Jose Business Journal;Public;
Klarna;700;10%;5/23/2022;Fintech;Stockholm;di.se;Private;
Colossus;97;;5/20/2022;Solar, Software;Massachusetts;Axios;Private;
Outside Inc;Unclear;15%;5/20/2022;Media/entertainment;Boulder;Denver Business Journal;Private;
Skillz;70;10%;5/20/2022;Esports/Video Games;San Francisco;TechCrunch;Public;
Talkdesk;Unclear;;5/19/2022;Customer service;San Francisco;Confirmed by CB News from source;Private;
Netflix;150;1%;5/17/2022;Media/entertainment;Los Gatos;CNBC;Public;
Picsart;90;8%;5/17/2022;Media/entertainment;Miami;The Information;Private;
Zulily;99;10%;5/16/2022;E-commerce;Seattle;GeekWire;Public;Less than 10% and fewer than 100 employees were laid off. Layoffs affected around 10% of employees.
Subspace;Unclear;100%;5/13/2022;Media/entertainment;Los Angeles;LinkedIn;Private;
Latch;30;6%;5/13/2022;Smart Home, Security;New York ;TechCrunch;Public;
Thirty Madison;24;3%;5/13/2022;Health Care;New York;Axios;Private;Per Axios, 22 of the employees laid off were from Thirty Madison, and two were from new parent company Nurx. Layoffs affected around 3% of employees.
Zwift;Unclear;;5/12/2022;Fitness;Long Beach;DC Rainmaker;Private;
Tripwire;Unclear;;5/12/2022;Security;Portland;OregonLive;Private;
Section4;32;25%;5/12/2022;Edtech;New York;TechCrunch;Private;
DataRobot;70;7%;5/11/2022;Artificial Intelligence;Boston;The Information;Private;
Carvana;2,500;12%;5/10/2022;Automotive, Ecommerce;Tempe;TechCrunch;Public;
Doma;310;15%;5/10/2022;Insurtech, machine learning;San Francsico;HousingWire;Public;
Vroom;270;14%;5/9/2022;Auto, E-commerce;New York;MarketWatch;Public;
Mural;Unclear;;5/6/2022;Product Design;San Francisco;Protocol;Private;
Reef;750;5%;5/6/2022;Food delivery, ecommerce;Miami;The Information;Private;
On Deck;72;25%;5/5/2022;Business development;San Francisco;TechCrunch;Private;
Cameo;167;;5/4/2022;Media/entertainment;Chicago;The Information;Private;
MainStreet;50;33%;5/4/2022;Fintech;San Jose;Insider;Private;Around 50 people were laid off. Layoffs affected around 33% of employees.
Ideoclick;40;33%;5/4/2022;E-commerce;Seattle;Puget Sound Business Journal;Private;
Vise;25;25%;5/4/2022;Fintech;New York;CityWire;Private;
Thrasio;Unclear;;5/2/2022;E-commerce;Walpole, MA;Insider;Private;
Noom;495;;4/29/2022;Fitness/Digital Health;New York;Endgadget;Private;
Netflix;25;;4/28/2022;Media/entertainment;Los Gatos;The Wrap;Public;
Robinhood;340;9%;4/26/2022;Fintech;Menlo Park;CNBC;Public;
Clyde;19;;4/25/2022;E-commerce;New York;External Spreadsheet;Private;At least 19 people were laid off
Blend;200;10%;4/19/2022;Fintech, proptech;San Francisco;HousingWire;Public;
Better;Unclear;;4/19/2022;Fintech;New York;TechCrunch;Private;
Automox;Unclear;11%;4/18/2022;Security;Boulder;LinkedIn;Private;
Halcyon Health;Unclear;100%;4/15/2022;Health Care;New York;Axios;Private;
Ahead;Unclear;100%;4/14/2022;Health Care;Santa Clara, CA;Bloomberg;Private;
Rad Power Bikes;100;14%;4/12/2022;Transporation;Seattle;GeekWire;Private;
Food52;20;6%;4/8/2022;Media, E-commerce;New York;Digiday;Private;
Workrise;Unclear;;4/5/2022;Marketplace;Austin, TX;TechCrunch;Private;
Fast;400;100%;4/5/2022;Fintech;San Francisco;The Information;Private;Company shut down, and at least 400 people were laid off, per estimates of Fast's headcount.
Rasa;59;40%;4/4/2022;AI, ML;San Francisco ;Business Insider;Private;Rasa was founded in Berlin but moved its headquarters to San Francisco in 2019. Layoffs affected employees in the U.S., Germany, and U.K. 
Gopuff;450;3%;3/29/2022;E-commerce;Philadelphia;The Information;{'href': 'https://www.bloomberg.com/news/articles/2022-10-19/gopuff-fires-hundreds-more-staff-in-third-round-of-layoffs?sref=Dd2N48n2', 'type': 'link', 'value': 'Private'};
Grove Collaborative;Unclear;17%;3/29/2022;E-commerce;San Francisco;Retail Dive;Private;
Curology;150;20%;3/16/2022;E-commerce;San Francisco;SF Business Times;Private;
Knock ;Unclear;46%;3/15/2022;Proptech;New York;The Real Deal;Private;
Sezzle;Unclear;20%;3/10/2022;Fintech;Minneapolis;Reuters;Public;
Better;3,000;33%;3/8/2022;Fintech;New York;New York Times;Private;
Hyperscience;100;25%;3/3/2022;AI;New York;The Information;Private;
Virgin Hyperloop;111;50%;2/22/2022;Transporation;Los Angeles;Fortune;Private;
Momentive;Unclear;14%;2/15/2022;information technology;Waterford, MI;Crunchbase reports;Private;
Homie;119;29%;2/14/2022;PropTech;South Jordan, Utah;Deseret News;Private;
Hopin;138;12%;2/10/2022;Virtual Event;London;TechCrunch;Private;
Peloton;2,800;20%;2/8/2022;Fitness;New York;TechCrunch;Public;
Rhino;57;20%;2/3/2022;PropTech, InsurTech;New York;The Real Deal;Private;
Beachbody;70;10%;1/27/2022;Fitness;Santa Monica, CA;Club Industry;Public;
Gopuff;100;;1/26/2022;E-commerce;Philadelphia;Business Insider;{'href': 'https://www.bloomberg.com/news/articles/2022-10-19/gopuff-fires-hundreds-more-staff-in-third-round-of-layoffs?sref=Dd2N48n2', 'type': 'link', 'value': 'Private'};
Glossier;80;33%;1/26/2022;Beauty;New York;TechCrunch;Private;
Root Insurance;330;;1/20/2022;InsurTech;Columbus;Coverager;Public;
